clade	gene	site	alt
A	ORF8	84	S
A.1	ORF1b	1464	C

A.2	N	197	L
A.3	ORF1a	75	E
A.3	ORF1b	1757	L
A.3	ORF8	62	L
A.4	nuc	8	A
A.4	nuc	16381	A
A.4	nuc	4540	T
A.5	nuc	26088	T
A.6	ORF1a	796	I

B.1	ORF1b	314	L
B.1.1	ORF14	50	N
B.1.1	ORF1a	903	V
B.1.1.1	ORF1a	3278	S
B.1.1.10	nuc	26313	T
B.1.1.15	ORF1a	999	I
B.1.1.18	nuc	24642	T
B.1.1.2	ORF1a	3846	S
B.1.1.23	nuc	3961	T
B.1.1.25	ORF1a	300	F
B.1.1.27	nuc	16293	T
B.1.1.28	nuc	25088	T
B.1.1.30	ORF3a	136	N
B.1.1.32	ORF1a	1812	D
B.1.1.33	ORF6	33	T
B.1.1.5	nuc	8293	T

B.1.1.7	ORF1a	3644	F
B.1.1.8	nuc	4354	A


B.1.106	ORF1b	970	L
B.1.107	nuc	7834	T
B.1.109	N	196	I
B.1.109	ORF14	43	F
B.1.11	ORF3a	13	L
B.1.11	OR1a	2134	L
B.1.110	nuc	8389	T
B.1.111	nuc	10507	T
B.1.113	N	194	L
B.1.114	nuc	27923	T
B.1.115	N	25	C
B.1.116	nuc	3737	T
B.1.118	ORF1b	792	N
B.1.119	N	207	L
B.1.12	ORF1a	1352	V
B.1.121	ORF1a	2129	V
B.1.13	ORF1b	2371	L
B.1.13	ORF1b	440	V
B.1.19	ORF1a	3718	F
B.1.2	ORF8	24	L
B.1.20	N	156	S
B.1.20	M	3	G
B.1.21	nuc	29553	A
B.1.22	ORF1a	3615	V
B.1.23	nuc	29353	T
B.1.23	nuc	7438	C
B.1.24	ORF1a	3846	S
B.1.24	ORF3a	54	S
B.1.25	S	1124	V
B.1.25	ORF1a	1100	V
B.1.26	N	183	Y
B.1.26	ORF14	30	I
B.1.27	ORF1b	765	S
B.1.28	ORF1a	551	I
B.1.29	ORF1b	427	G
B.1.3	ORF1b	1844	V
B.1.30	ORF1a	391	F
B.1.31	ORF1a	3529	V
B.1.31	S	626	V
B.1.32	ORF1b	34	V
B.1.33	ORF1a	2153	I
B.1.34	ORF1b	2684	I
B.1.35	ORF1a	2242	F
B.1.36	nuc	26735	T
B.1.37	ORF1a	3483	F
B.1.37	ORF1a	1420	T
B.1.38	ORF3a	44	V
B.1.39	nuc	26951	A
B.1.39	nuc	8788	C
B.1.4	nuc	10582	T
B.1.40	ORF1a	271	S
B.1.41	ORF1a	2432	K
B.1.42	ORF1a	346	I
B.1.43	nuc	379	A
B.1.44	ORF1a	3371	S
B.1.44	ORF1b	1706	L
B.1.45	ORF1a	1000	V

B.1.47	ORF7a	16	D
B.1.49	nuc	14079	C
B.1.5	nuc	20268	G
B.1.5	nuc	20178	T
B.1.5.10	nuc	970	A
B.1.5.2	ORF3a	202	L
B.1.5.5	nuc	12915	T
B.1.50	ORF1b	2592	I
B.1.53	nuc	10948	G
B.1.54	nuc	11839	G
B.1.55	ORF1b	1774	I
B.1.56	ORF1a	3644	F
B.1.56	ORF1a	1036	E
B.1.6	ORF1b	604	Y
B.1.7	S	1263	L
B.1.74	nuc	29144	T
B.1.77	ORF9b	3	L
B.1.78	nuc	29422	T
B.1.79	nuc	21614	T
B.1.8	nuc	24862	G
B.1.80	nuc	3634	T
B.1.84	ORF1b	162	V
B.1.9	ORF1b	1408	L
B.1.91	nuc	3140	T
B.1.91	ORF1a	959	S
B.1.91	nuc	29555	T
B.1.93	ORF1a	3511	E
B.1.96	ORF1a	3777	H
B.1.97	ORF1a	837	R
B.10	ORF1a	3579	I
B.10	ORF1a	2144	L
B.11	ORF1b	1099	F
B.2	ORF3a	251	V
B.2.1	nuc	2558	T
B.2.1	ORF1a	765	S
B.2.10	ORF1a	1769	I

B.2.4	N	22	G
B.2.4	ORF9b	19	V
B.2.5	nuc	23707	T
B.2.6	N	205	I
B.3	ORF1a	392	D
B.3.1	N	193	I
B.4	ORF1a	378	I
B.4	nuc	29635	T


B.4.2	ORF1b	1821	S
B.5	nuc	29635	T
B.6	ORF1a	2016	K
B.6	nuc	6312	A
B.8	ORF1b	2268	V
B.9	ORF1a	2609	F
B.9	ORF1a	547	V
NY-clade	ORF3a	57	H
WA-clade	ORF1b	1427	L

